"year","month","month_start","expected_days","monthly_total_mm","n_days_observed","n_missing_rainfall","month_status","month_name","year_display","display_total_mm"
1983,1,1983-01-01,31,246,31,0,"complete","Jan","1983",246
1983,2,1983-02-01,28,5.6,28,0,"complete","Feb","1983",5.6
1983,3,1983-03-01,31,18.6,31,0,"complete","Mar","1983",18.6
1983,4,1983-04-01,30,33.6,30,0,"complete","Apr","1983",33.6
1983,5,1983-05-01,31,33.6,31,0,"complete","May","1983",33.6
1983,6,1983-06-01,30,94,30,0,"complete","Jun","1983",94
1983,7,1983-07-01,31,190,31,0,"complete","Jul","1983",190
1983,8,1983-08-01,31,262.2,31,0,"complete","Aug","1983",262.2
1983,9,1983-09-01,30,170.8,30,0,"complete","Sep","1983",170.8
1983,10,1983-10-01,31,212.7,31,0,"complete","Oct","1983",212.7
1983,11,1983-11-01,30,228.8,30,0,"complete","Nov","1983",228.8
1983,12,1983-12-01,31,370.6,31,0,"complete","Dec","1983",370.6
1984,1,1984-01-01,31,251.2,31,0,"complete","Jan","1984",251.2
1984,2,1984-02-01,29,470.4,29,0,"complete","Feb","1984",470.4
1984,3,1984-03-01,31,361.3,31,0,"complete","Mar","1984",361.3
1984,4,1984-04-01,30,153.1,30,0,"complete","Apr","1984",153.1
1984,5,1984-05-01,31,186.5,31,0,"complete","May","1984",186.5
1984,6,1984-06-01,30,255,30,0,"complete","Jun","1984",255
1984,7,1984-07-01,31,127.2,31,0,"complete","Jul","1984",127.2
1984,8,1984-08-01,31,102.7,31,0,"complete","Aug","1984",102.7
1984,9,1984-09-01,30,186.7,30,0,"complete","Sep","1984",186.7
1984,10,1984-10-01,31,187.5,31,0,"complete","Oct","1984",187.5
1984,11,1984-11-01,30,127.7,30,0,"complete","Nov","1984",127.7
1984,12,1984-12-01,31,277.4,31,0,"complete","Dec","1984",277.4
1985,1,1985-01-01,31,111.1,31,0,"complete","Jan","1985",111.1
1985,2,1985-02-01,28,79.3,28,0,"complete","Feb","1985",79.3
1985,3,1985-03-01,31,88,31,0,"complete","Mar","1985",88
1985,4,1985-04-01,30,110.5,30,0,"complete","Apr","1985",110.5
1985,5,1985-05-01,31,70.1,31,0,"complete","May","1985",70.1
1985,6,1985-06-01,30,37,30,0,"complete","Jun","1985",37
1985,7,1985-07-01,31,131.8,31,0,"complete","Jul","1985",131.8
1985,8,1985-08-01,31,56.9,31,0,"complete","Aug","1985",56.9
1985,9,1985-09-01,30,110.7,30,0,"complete","Sep","1985",110.7
1985,10,1985-10-01,31,169,31,0,"complete","Oct","1985",169
1985,11,1985-11-01,30,179.4,30,0,"complete","Nov","1985",179.4
1985,12,1985-12-01,31,340.1,31,0,"complete","Dec","1985",340.1
1986,1,1986-01-01,31,308.2,31,0,"complete","Jan","1986",308.2
1986,2,1986-02-01,28,26.7,28,0,"complete","Feb","1986",26.7
1986,3,1986-03-01,31,353.4,31,0,"complete","Mar","1986",353.4
1986,4,1986-04-01,30,150,30,0,"complete","Apr","1986",150
1986,5,1986-05-01,31,145.1,31,0,"complete","May","1986",145.1
1986,6,1986-06-01,30,122.9,30,0,"complete","Jun","1986",122.9
1986,7,1986-07-01,31,109.7,31,0,"complete","Jul","1986",109.7
1986,8,1986-08-01,31,72.9,31,0,"complete","Aug","1986",72.9
1986,9,1986-09-01,30,396,30,0,"complete","Sep","1986",396
1986,10,1986-10-01,31,227.3,31,0,"complete","Oct","1986",227.3
1986,11,1986-11-01,30,256.7,30,0,"complete","Nov","1986",256.7
1986,12,1986-12-01,31,367.2,31,0,"complete","Dec","1986",367.2
1987,1,1987-01-01,31,568.6,31,0,"complete","Jan","1987",568.6
1987,2,1987-02-01,28,86.9,28,0,"complete","Feb","1987",86.9
1987,3,1987-03-01,31,132.5,31,0,"complete","Mar","1987",132.5
1987,4,1987-04-01,30,72.5,30,0,"complete","Apr","1987",72.5
1987,5,1987-05-01,31,270,31,0,"complete","May","1987",270
1987,6,1987-06-01,30,126.6,30,0,"complete","Jun","1987",126.6
1987,7,1987-07-01,31,80.9,31,0,"complete","Jul","1987",80.9
1987,8,1987-08-01,31,191.9,31,0,"complete","Aug","1987",191.9
1987,9,1987-09-01,30,129.9,30,0,"complete","Sep","1987",129.9
1987,10,1987-10-01,31,22.6,31,0,"complete","Oct","1987",22.6
1987,11,1987-11-01,30,347.6,30,0,"complete","Nov","1987",347.6
1987,12,1987-12-01,31,72.8,31,0,"complete","Dec","1987",72.8
1988,1,1988-01-01,31,237.5,31,0,"complete","Jan","1988",237.5
1988,2,1988-02-01,29,158.1,29,0,"complete","Feb","1988",158.1
1988,3,1988-03-01,31,186.8,31,0,"complete","Mar","1988",186.8
1988,4,1988-04-01,30,109.6,30,0,"complete","Apr","1988",109.6
1988,5,1988-05-01,31,229.6,31,0,"complete","May","1988",229.6
1988,6,1988-06-01,30,252.2,30,0,"complete","Jun","1988",252.2
1988,7,1988-07-01,31,305.4,31,0,"complete","Jul","1988",305.4
1988,8,1988-08-01,31,80.1,31,0,"complete","Aug","1988",80.1
1988,9,1988-09-01,30,440.4,30,0,"complete","Sep","1988",440.4
1988,10,1988-10-01,31,134.6,31,0,"complete","Oct","1988",134.6
1988,11,1988-11-01,30,401.4,30,0,"complete","Nov","1988",401.4
1988,12,1988-12-01,31,62.9,31,0,"complete","Dec","1988",62.9
1989,1,1989-01-01,31,189.7,31,0,"complete","Jan","1989",189.7
1989,2,1989-02-01,28,52.4,28,0,"complete","Feb","1989",52.4
1989,3,1989-03-01,31,305.9,31,0,"complete","Mar","1989",305.9
1989,4,1989-04-01,30,204.7,30,0,"complete","Apr","1989",204.7
1989,5,1989-05-01,31,194,31,0,"complete","May","1989",194
1989,6,1989-06-01,30,117.6,30,0,"complete","Jun","1989",117.6
1989,7,1989-07-01,31,157.6,31,0,"complete","Jul","1989",157.6
1989,8,1989-08-01,31,201,31,0,"complete","Aug","1989",201
1989,9,1989-09-01,30,247.3,30,0,"complete","Sep","1989",247.3
1989,10,1989-10-01,31,111,31,0,"complete","Oct","1989",111
1989,11,1989-11-01,30,508.4,30,0,"complete","Nov","1989",508.4
1989,12,1989-12-01,31,179.7,31,0,"complete","Dec","1989",179.7
1990,1,1990-01-01,31,147.4,31,0,"complete","Jan","1990",147.4
1990,2,1990-02-01,28,24.1,28,0,"complete","Feb","1990",24.1
1990,3,1990-03-01,31,94.2,31,0,"complete","Mar","1990",94.2
1990,4,1990-04-01,30,52.4,30,0,"complete","Apr","1990",52.4
1990,5,1990-05-01,31,180.1,31,0,"complete","May","1990",180.1
1990,6,1990-06-01,30,112.6,30,0,"complete","Jun","1990",112.6
1990,7,1990-07-01,31,124,31,0,"complete","Jul","1990",124
1990,8,1990-08-01,31,146.6,31,0,"complete","Aug","1990",146.6
1990,9,1990-09-01,30,204.5,30,0,"complete","Sep","1990",204.5
1990,10,1990-10-01,31,56.4,31,0,"complete","Oct","1990",56.4
1990,11,1990-11-01,30,180.4,30,0,"complete","Nov","1990",180.4
1990,12,1990-12-01,31,201.1,31,0,"complete","Dec","1990",201.1
1991,1,1991-01-01,31,123.9,31,0,"complete","Jan","1991",123.9
1991,2,1991-02-01,28,45.5,28,0,"complete","Feb","1991",45.5
1991,3,1991-03-01,31,92.4,31,0,"complete","Mar","1991",92.4
1991,4,1991-04-01,30,134.2,30,0,"complete","Apr","1991",134.2
1991,5,1991-05-01,31,256.4,31,0,"complete","May","1991",256.4
1991,6,1991-06-01,30,88.7,30,0,"complete","Jun","1991",88.7
1991,7,1991-07-01,31,37.3,31,0,"complete","Jul","1991",37.3
1991,8,1991-08-01,31,226.2,31,0,"complete","Aug","1991",226.2
1991,9,1991-09-01,30,123.1,30,0,"complete","Sep","1991",123.1
1991,10,1991-10-01,31,52,31,0,"complete","Oct","1991",52
1991,11,1991-11-01,30,205,30,0,"complete","Nov","1991",205
1991,12,1991-12-01,31,492.3,31,0,"complete","Dec","1991",492.3
1992,1,1992-01-01,31,83.9,31,0,"complete","Jan","1992",83.9
1992,2,1992-02-01,29,62.4,29,0,"complete","Feb","1992",62.4
1992,3,1992-03-01,31,67.6,31,0,"complete","Mar","1992",67.6
1992,4,1992-04-01,30,160.3,30,0,"complete","Apr","1992",160.3
1992,5,1992-05-01,31,63.1,31,0,"complete","May","1992",63.1
1992,6,1992-06-01,30,162.8,30,0,"complete","Jun","1992",162.8
1992,7,1992-07-01,31,290.8,31,0,"complete","Jul","1992",290.8
1992,8,1992-08-01,31,76.1,31,0,"complete","Aug","1992",76.1
1992,9,1992-09-01,30,83.6,30,0,"complete","Sep","1992",83.6
1992,10,1992-10-01,31,233.2,31,0,"complete","Oct","1992",233.2
1992,11,1992-11-01,30,474.3,30,0,"complete","Nov","1992",474.3
1992,12,1992-12-01,31,502.7,31,0,"complete","Dec","1992",502.7
1993,1,1993-01-01,31,176.4,31,0,"complete","Jan","1993",176.4
1993,2,1993-02-01,28,69.2,28,0,"complete","Feb","1993",69.2
1993,3,1993-03-01,31,250.5,31,0,"complete","Mar","1993",250.5
1993,4,1993-04-01,30,283.9,30,0,"complete","Apr","1993",283.9
1993,5,1993-05-01,31,129.9,31,0,"complete","May","1993",129.9
1993,6,1993-06-01,30,115.5,30,0,"complete","Jun","1993",115.5
1993,7,1993-07-01,31,240,31,0,"complete","Jul","1993",240
1993,8,1993-08-01,31,106.8,31,0,"complete","Aug","1993",106.8
1993,9,1993-09-01,30,61.7,30,0,"complete","Sep","1993",61.7
1993,10,1993-10-01,31,175.5,31,0,"complete","Oct","1993",175.5
1993,11,1993-11-01,30,250.8,30,0,"complete","Nov","1993",250.8
1993,12,1993-12-01,31,308.5,31,0,"complete","Dec","1993",308.5
1994,1,1994-01-01,31,56.9,31,0,"complete","Jan","1994",56.9
1994,2,1994-02-01,28,133.5,28,0,"complete","Feb","1994",133.5
1994,3,1994-03-01,31,288.2,31,0,"complete","Mar","1994",288.2
1994,4,1994-04-01,30,154,30,0,"complete","Apr","1994",154
1994,5,1994-05-01,31,169.6,31,0,"complete","May","1994",169.6
1994,6,1994-06-01,30,184.7,30,0,"complete","Jun","1994",184.7
1994,7,1994-07-01,31,53.8,31,0,"complete","Jul","1994",53.8
1994,8,1994-08-01,31,45.1,31,0,"complete","Aug","1994",45.1
1994,9,1994-09-01,30,23.7,30,0,"complete","Sep","1994",23.7
1994,10,1994-10-01,31,84.7,31,0,"complete","Oct","1994",84.7
1994,11,1994-11-01,30,322.2,30,0,"complete","Nov","1994",322.2
1994,12,1994-12-01,31,425.4,31,0,"complete","Dec","1994",425.4
1995,1,1995-01-01,31,349.4,31,0,"complete","Jan","1995",349.4
1995,2,1995-02-01,28,334,28,0,"complete","Feb","1995",334
1995,3,1995-03-01,31,67.7,31,0,"complete","Mar","1995",67.7
1995,4,1995-04-01,30,242.3,30,0,"complete","Apr","1995",242.3
1995,5,1995-05-01,31,84.4,31,0,"complete","May","1995",84.4
1995,6,1995-06-01,30,63.7,30,0,"complete","Jun","1995",63.7
1995,7,1995-07-01,31,173.6,31,0,"complete","Jul","1995",173.6
1995,8,1995-08-01,31,211.6,31,0,"complete","Aug","1995",211.6
1995,9,1995-09-01,30,29.5,30,0,"complete","Sep","1995",29.5
1995,10,1995-10-01,31,101.1,31,0,"complete","Oct","1995",101.1
1995,11,1995-11-01,30,372.8,30,0,"complete","Nov","1995",372.8
1995,12,1995-12-01,31,302.5,31,0,"complete","Dec","1995",302.5
1996,1,1996-01-01,31,173.2,31,0,"complete","Jan","1996",173.2
1996,2,1996-02-01,29,180.2,29,0,"complete","Feb","1996",180.2
1996,3,1996-03-01,31,129.7,31,0,"complete","Mar","1996",129.7
1996,4,1996-04-01,30,178.2,30,0,"complete","Apr","1996",178.2
1996,5,1996-05-01,31,107.5,31,0,"complete","May","1996",107.5
1996,6,1996-06-01,30,265.8,30,0,"complete","Jun","1996",265.8
1996,7,1996-07-01,31,162.3,31,0,"complete","Jul","1996",162.3
1996,8,1996-08-01,31,258.4,31,0,"complete","Aug","1996",258.4
1996,9,1996-09-01,30,297,30,0,"complete","Sep","1996",297
1996,10,1996-10-01,31,300,31,0,"complete","Oct","1996",300
1996,11,1996-11-01,30,180.2,30,0,"complete","Nov","1996",180.2
1996,12,1996-12-01,31,185.5,31,0,"complete","Dec","1996",185.5
1997,1,1997-01-01,31,15.4,31,0,"complete","Jan","1997",15.4
1997,2,1997-02-01,28,105.4,28,0,"complete","Feb","1997",105.4
1997,3,1997-03-01,31,34.3,31,0,"complete","Mar","1997",34.3
1997,4,1997-04-01,30,118.4,30,0,"complete","Apr","1997",118.4
1997,5,1997-05-01,31,41.6,31,0,"complete","May","1997",41.6
1997,6,1997-06-01,30,78.9,30,0,"complete","Jun","1997",78.9
1997,7,1997-07-01,31,18.6,31,0,"complete","Jul","1997",18.6
1997,8,1997-08-01,31,86.6,31,0,"complete","Aug","1997",86.6
1997,9,1997-09-01,30,31.1,30,0,"complete","Sep","1997",31.1
1997,10,1997-10-01,31,78.4,31,0,"complete","Oct","1997",78.4
1997,11,1997-11-01,30,158.3,30,0,"complete","Nov","1997",158.3
1997,12,1997-12-01,31,351.9,31,0,"complete","Dec","1997",351.9
1998,1,1998-01-01,31,268.8,31,0,"complete","Jan","1998",268.8
1998,2,1998-02-01,28,32.5,28,0,"complete","Feb","1998",32.5
1998,3,1998-03-01,31,58.8,31,0,"complete","Mar","1998",58.8
1998,4,1998-04-01,30,187.7,30,0,"complete","Apr","1998",187.7
1998,5,1998-05-01,31,370.8,31,0,"complete","May","1998",370.8
1998,6,1998-06-01,30,198.8,30,0,"complete","Jun","1998",198.8
1998,7,1998-07-01,31,259.2,31,0,"complete","Jul","1998",259.2
1998,8,1998-08-01,31,195,31,0,"complete","Aug","1998",195
1998,9,1998-09-01,30,258.2,30,0,"complete","Sep","1998",258.2
1998,10,1998-10-01,31,222.7,31,0,"complete","Oct","1998",222.7
1998,11,1998-11-01,30,107.2,30,0,"complete","Nov","1998",107.2
1998,12,1998-12-01,31,463.4,31,0,"complete","Dec","1998",463.4
1999,1,1999-01-01,31,193.9,31,0,"complete","Jan","1999",193.9
1999,2,1999-02-01,28,67.4,28,0,"complete","Feb","1999",67.4
1999,3,1999-03-01,31,181.4,31,0,"complete","Mar","1999",181.4
1999,4,1999-04-01,30,88.5,30,0,"complete","Apr","1999",88.5
1999,5,1999-05-01,31,157.1,31,0,"complete","May","1999",157.1
1999,6,1999-06-01,30,103.4,30,0,"complete","Jun","1999",103.4
1999,7,1999-07-01,31,225.4,31,0,"complete","Jul","1999",225.4
1999,8,1999-08-01,31,204,31,0,"complete","Aug","1999",204
1999,9,1999-09-01,30,125.9,30,0,"complete","Sep","1999",125.9
1999,10,1999-10-01,31,205,31,0,"complete","Oct","1999",205
1999,11,1999-11-01,30,241.5,30,0,"complete","Nov","1999",241.5
1999,12,1999-12-01,31,340.5,31,0,"complete","Dec","1999",340.5
2000,1,2000-01-01,31,275.2,31,0,"complete","Jan","2000",275.2
2000,2,2000-02-01,29,237.8,29,0,"complete","Feb","2000",237.8
2000,3,2000-03-01,31,238.3,31,0,"complete","Mar","2000",238.3
2000,4,2000-04-01,30,311.6,30,0,"complete","Apr","2000",311.6
2000,5,2000-05-01,31,96.8,31,0,"complete","May","2000",96.8
2000,6,2000-06-01,30,157.5,30,0,"complete","Jun","2000",157.5
2000,7,2000-07-01,31,116.1,31,0,"complete","Jul","2000",116.1
2000,8,2000-08-01,31,113.5,31,0,"complete","Aug","2000",113.5
2000,9,2000-09-01,30,81.1,30,0,"complete","Sep","2000",81.1
2000,10,2000-10-01,31,120.9,31,0,"complete","Oct","2000",120.9
2000,11,2000-11-01,30,385.7,30,0,"complete","Nov","2000",385.7
2000,12,2000-12-01,31,236,31,0,"complete","Dec","2000",236
2001,1,2001-01-01,31,425.8,31,0,"complete","Jan","2001",425.8
2001,2,2001-02-01,28,86.6,28,0,"complete","Feb","2001",86.6
2001,3,2001-03-01,31,297.3,31,0,"complete","Mar","2001",297.3
2001,4,2001-04-01,30,203.3,30,0,"complete","Apr","2001",203.3
2001,5,2001-05-01,31,164.9,31,0,"complete","May","2001",164.9
2001,6,2001-06-01,30,137.1,30,0,"complete","Jun","2001",137.1
2001,7,2001-07-01,31,111.3,31,0,"complete","Jul","2001",111.3
2001,8,2001-08-01,31,158.3,31,0,"complete","Aug","2001",158.3
2001,9,2001-09-01,30,162,30,0,"complete","Sep","2001",162
2001,10,2001-10-01,31,252.2,31,0,"complete","Oct","2001",252.2
2001,11,2001-11-01,30,175.3,30,0,"complete","Nov","2001",175.3
2001,12,2001-12-01,31,609,31,0,"complete","Dec","2001",609
2002,1,2002-01-01,31,221.2,31,0,"complete","Jan","2002",221.2
2002,2,2002-02-01,28,50.8,28,0,"complete","Feb","2002",50.8
2002,3,2002-03-01,31,55.6,31,0,"complete","Mar","2002",55.6
2002,4,2002-04-01,30,116.5,30,0,"complete","Apr","2002",116.5
2002,5,2002-05-01,31,236.6,31,0,"complete","May","2002",236.6
2002,6,2002-06-01,30,83.1,30,0,"complete","Jun","2002",83.1
2002,7,2002-07-01,31,233.7,31,0,"complete","Jul","2002",233.7
2002,8,2002-08-01,31,54.2,31,0,"complete","Aug","2002",54.2
2002,9,2002-09-01,30,124.2,30,0,"complete","Sep","2002",124.2
2002,10,2002-10-01,31,10.8,31,0,"complete","Oct","2002",10.8
2002,11,2002-11-01,30,307.2,30,0,"complete","Nov","2002",307.2
2002,12,2002-12-01,31,255,31,0,"complete","Dec","2002",255
2003,1,2003-01-01,31,444.2,31,0,"complete","Jan","2003",444.2
2003,2,2003-02-01,28,172.9,28,0,"complete","Feb","2003",172.9
2003,3,2003-03-01,31,154.6,31,0,"complete","Mar","2003",154.6
2003,4,2003-04-01,30,159.9,30,0,"complete","Apr","2003",159.9
2003,5,2003-05-01,31,81.8,31,0,"complete","May","2003",81.8
2003,6,2003-06-01,30,50.3,30,0,"complete","Jun","2003",50.3
2003,7,2003-07-01,31,170.4,31,0,"complete","Jul","2003",170.4
2003,8,2003-08-01,31,193.6,31,0,"complete","Aug","2003",193.6
2003,9,2003-09-01,30,205.3,30,0,"complete","Sep","2003",205.3
2003,10,2003-10-01,31,351.4,31,0,"complete","Oct","2003",351.4
2003,11,2003-11-01,30,133.8,30,0,"complete","Nov","2003",133.8
2003,12,2003-12-01,31,273,31,0,"complete","Dec","2003",273
2004,1,2004-01-01,31,600.9,31,0,"complete","Jan","2004",600.9
2004,2,2004-02-01,29,31.9,29,0,"complete","Feb","2004",31.9
2004,3,2004-03-01,31,269.4,31,0,"complete","Mar","2004",269.4
2004,4,2004-04-01,30,57.1,30,0,"complete","Apr","2004",57.1
2004,5,2004-05-01,31,137.6,31,0,"complete","May","2004",137.6
2004,6,2004-06-01,30,127.2,30,0,"complete","Jun","2004",127.2
2004,7,2004-07-01,31,166.6,31,0,"complete","Jul","2004",166.6
2004,8,2004-08-01,31,185.2,31,0,"complete","Aug","2004",185.2
2004,9,2004-09-01,30,128.9,30,0,"complete","Sep","2004",128.9
2004,10,2004-10-01,31,125.6,31,0,"complete","Oct","2004",125.6
2004,11,2004-11-01,30,166.2,30,0,"complete","Nov","2004",166.2
2004,12,2004-12-01,31,139.8,31,0,"complete","Dec","2004",139.8
2005,1,2005-01-01,31,163.2,31,0,"complete","Jan","2005",163.2
2005,2,2005-02-01,28,8.4,28,0,"complete","Feb","2005",8.4
2005,3,2005-03-01,31,82.4,31,0,"complete","Mar","2005",82.4
2005,4,2005-04-01,30,81.7,30,0,"complete","Apr","2005",81.7
2005,5,2005-05-01,31,331.1,31,0,"complete","May","2005",331.1
2005,6,2005-06-01,30,82.3,30,0,"complete","Jun","2005",82.3
2005,7,2005-07-01,31,104,31,0,"complete","Jul","2005",104
2005,8,2005-08-01,31,58.5,31,0,"complete","Aug","2005",58.5
2005,9,2005-09-01,30,175.7,30,0,"complete","Sep","2005",175.7
2005,10,2005-10-01,31,314.5,31,0,"complete","Oct","2005",314.5
2005,11,2005-11-01,30,362.9,30,0,"complete","Nov","2005",362.9
2005,12,2005-12-01,31,166,31,0,"complete","Dec","2005",166
2006,1,2006-01-01,31,454.4,31,0,"complete","Jan","2006",454.4
2006,2,2006-02-01,28,115.5,28,0,"complete","Feb","2006",115.5
2006,3,2006-03-01,31,83.1,31,0,"complete","Mar","2006",83.1
2006,4,2006-04-01,30,239.8,30,0,"complete","Apr","2006",239.8
2006,5,2006-05-01,31,205.7,31,0,"complete","May","2006",205.7
2006,6,2006-06-01,30,236.8,30,0,"complete","Jun","2006",236.8
2006,7,2006-07-01,31,153.8,31,0,"complete","Jul","2006",153.8
2006,8,2006-08-01,31,127.3,31,0,"complete","Aug","2006",127.3
2006,9,2006-09-01,30,83.3,30,0,"complete","Sep","2006",83.3
2006,10,2006-10-01,31,102,31,0,"complete","Oct","2006",102
2006,11,2006-11-01,30,185.6,30,0,"complete","Nov","2006",185.6
2006,12,2006-12-01,31,765.9,31,0,"complete","Dec","2006",765.9
2007,1,2007-01-01,31,450.1,31,0,"complete","Jan","2007",450.1
2007,2,2007-02-01,28,105.5,28,0,"complete","Feb","2007",105.5
2007,3,2007-03-01,31,269.1,31,0,"complete","Mar","2007",269.1
2007,4,2007-04-01,30,240.2,30,0,"complete","Apr","2007",240.2
2007,5,2007-05-01,31,127.2,31,0,"complete","May","2007",127.2
2007,6,2007-06-01,30,139,30,0,"complete","Jun","2007",139
2007,7,2007-07-01,31,141.7,31,0,"complete","Jul","2007",141.7
2007,8,2007-08-01,31,190.7,31,0,"complete","Aug","2007",190.7
2007,9,2007-09-01,30,149,30,0,"complete","Sep","2007",149
2007,10,2007-10-01,31,237.2,31,0,"complete","Oct","2007",237.2
2007,11,2007-11-01,30,367.9,30,0,"complete","Nov","2007",367.9
2007,12,2007-12-01,31,468.6,31,0,"complete","Dec","2007",468.6
2008,1,2008-01-01,31,262.6,31,0,"complete","Jan","2008",262.6
2008,2,2008-02-01,29,129.2,29,0,"complete","Feb","2008",129.2
2008,3,2008-03-01,31,294.1,31,0,"complete","Mar","2008",294.1
2008,4,2008-04-01,30,87.2,30,0,"complete","Apr","2008",87.2
2008,5,2008-05-01,31,124.9,31,0,"complete","May","2008",124.9
2008,6,2008-06-01,30,118.3,30,0,"complete","Jun","2008",118.3
2008,7,2008-07-01,31,89.1,31,0,"complete","Jul","2008",89.1
2008,8,2008-08-01,31,327.3,31,0,"complete","Aug","2008",327.3
2008,9,2008-09-01,30,164.4,30,0,"complete","Sep","2008",164.4
2008,10,2008-10-01,31,159.5,31,0,"complete","Oct","2008",159.5
2008,11,2008-11-01,30,324.3,30,0,"complete","Nov","2008",324.3
2008,12,2008-12-01,31,244.2,31,0,"complete","Dec","2008",244.2
2009,1,2009-01-01,31,38.3,31,0,"complete","Jan","2009",38.3
2009,2,2009-02-01,28,201.8,28,0,"complete","Feb","2009",201.8
2009,3,2009-03-01,31,223.3,31,0,"complete","Mar","2009",223.3
2009,4,2009-04-01,30,183.7,30,0,"complete","Apr","2009",183.7
2009,5,2009-05-01,31,198.6,31,0,"complete","May","2009",198.6
2009,6,2009-06-01,30,21.8,30,0,"complete","Jun","2009",21.8
2009,7,2009-07-01,31,161,31,0,"complete","Jul","2009",161
2009,8,2009-08-01,31,177.8,31,0,"complete","Aug","2009",177.8
2009,9,2009-09-01,30,109.6,30,0,"complete","Sep","2009",109.6
2009,10,2009-10-01,31,133.4,31,0,"complete","Oct","2009",133.4
2009,11,2009-11-01,30,281.8,30,0,"complete","Nov","2009",281.8
2009,12,2009-12-01,31,189.8,31,0,"complete","Dec","2009",189.8
2010,1,2010-01-01,31,69.5,31,0,"complete","Jan","2010",69.5
2010,2,2010-02-01,28,6.3,28,0,"complete","Feb","2010",6.3
2010,3,2010-03-01,31,238,31,0,"complete","Mar","2010",238
2010,4,2010-04-01,30,158.5,30,0,"complete","Apr","2010",158.5
2010,5,2010-05-01,31,157.5,31,0,"complete","May","2010",157.5
2010,6,2010-06-01,30,240.5,30,0,"complete","Jun","2010",240.5
2010,7,2010-07-01,31,298.5,31,0,"complete","Jul","2010",298.5
2010,8,2010-08-01,31,158.4,31,0,"complete","Aug","2010",158.4
2010,9,2010-09-01,30,121.5,30,0,"complete","Sep","2010",121.5
2010,10,2010-10-01,31,166.2,31,0,"complete","Oct","2010",166.2
2010,11,2010-11-01,30,278.8,30,0,"complete","Nov","2010",278.8
2010,12,2010-12-01,31,181.4,31,0,"complete","Dec","2010",181.4
2011,1,2011-01-01,31,513.2,31,0,"complete","Jan","2011",513.2
2011,2,2011-02-01,28,23,28,0,"complete","Feb","2011",23
2011,3,2011-03-01,31,256.6,31,0,"complete","Mar","2011",256.6
2011,4,2011-04-01,30,217.8,30,0,"complete","Apr","2011",217.8
2011,5,2011-05-01,31,127,31,0,"complete","May","2011",127
2011,6,2011-06-01,30,213,30,0,"complete","Jun","2011",213
2011,7,2011-07-01,31,76.6,31,0,"complete","Jul","2011",76.6
2011,8,2011-08-01,31,81.4,31,0,"complete","Aug","2011",81.4
2011,9,2011-09-01,30,136.4,30,0,"complete","Sep","2011",136.4
2011,10,2011-10-01,31,216.8,31,0,"complete","Oct","2011",216.8
2011,11,2011-11-01,30,377.8,30,0,"complete","Nov","2011",377.8
2011,12,2011-12-01,31,284.6,31,0,"complete","Dec","2011",284.6
2012,1,2012-01-01,31,106.1,31,0,"complete","Jan","2012",106.1
2012,2,2012-02-01,29,83.6,29,0,"complete","Feb","2012",83.6
2012,3,2012-03-01,31,313.4,31,0,"complete","Mar","2012",313.4
2012,4,2012-04-01,30,260.6,30,0,"complete","Apr","2012",260.6
2012,5,2012-05-01,31,292,31,0,"complete","May","2012",292
2012,6,2012-06-01,30,53,30,0,"complete","Jun","2012",53
2012,7,2012-07-01,31,130.8,31,0,"complete","Jul","2012",130.8
2012,8,2012-08-01,31,119,31,0,"complete","Aug","2012",119
2012,9,2012-09-01,30,107.6,30,0,"complete","Sep","2012",107.6
2012,10,2012-10-01,31,122.2,31,0,"complete","Oct","2012",122.2
2012,11,2012-11-01,30,208.2,30,0,"complete","Nov","2012",208.2
2012,12,2012-12-01,31,363.4,31,0,"complete","Dec","2012",363.4
2013,1,2013-01-01,31,262,31,0,"complete","Jan","2013",262
2013,2,2013-02-01,28,395.2,28,0,"complete","Feb","2013",395.2
2013,3,2013-03-01,31,85.8,31,0,"complete","Mar","2013",85.8
2013,4,2013-04-01,30,159.4,30,0,"complete","Apr","2013",159.4
2013,5,2013-05-01,31,211.4,31,0,"complete","May","2013",211.4
2013,6,2013-06-01,30,111.4,30,0,"complete","Jun","2013",111.4
2013,7,2013-07-01,31,174.6,31,0,"complete","Jul","2013",174.6
2013,8,2013-08-01,31,165.6,31,0,"complete","Aug","2013",165.6
2013,9,2013-09-01,30,257,30,0,"complete","Sep","2013",257
2013,10,2013-10-01,31,285.4,31,0,"complete","Oct","2013",285.4
2013,11,2013-11-01,30,292.4,30,0,"complete","Nov","2013",292.4
2013,12,2013-12-01,31,348.2,31,0,"complete","Dec","2013",348.2
2014,1,2014-01-01,31,75.4,31,0,"complete","Jan","2014",75.4
2014,2,2014-02-01,28,0.2,28,0,"complete","Feb","2014",0.2
2014,3,2014-03-01,31,66,31,0,"complete","Mar","2014",66
2014,4,2014-04-01,30,110,30,0,"complete","Apr","2014",110
2014,5,2014-05-01,31,125.8,31,0,"complete","May","2014",125.8
2014,6,2014-06-01,30,71.4,30,0,"complete","Jun","2014",71.4
2014,7,2014-07-01,31,148.6,31,0,"complete","Jul","2014",148.6
2014,8,2014-08-01,31,241,31,0,"complete","Aug","2014",241
2014,9,2014-09-01,30,83.6,30,0,"complete","Sep","2014",83.6
2014,10,2014-10-01,31,120,31,0,"complete","Oct","2014",120
2014,11,2014-11-01,30,250.8,30,0,"complete","Nov","2014",250.8
2014,12,2014-12-01,31,245.6,31,0,"complete","Dec","2014",245.6
2015,1,2015-01-01,31,79.6,31,0,"complete","Jan","2015",79.6
2015,2,2015-02-01,28,18.8,28,0,"complete","Feb","2015",18.8
2015,3,2015-03-01,31,84.4,31,0,"complete","Mar","2015",84.4
2015,4,2015-04-01,30,73.2,30,0,"complete","Apr","2015",73.2
2015,5,2015-05-01,31,89,31,0,"complete","May","2015",89
2015,6,2015-06-01,30,95.8,30,0,"complete","Jun","2015",95.8
2015,7,2015-07-01,31,116.8,31,0,"complete","Jul","2015",116.8
2015,8,2015-08-01,31,185.8,31,0,"complete","Aug","2015",185.8
2015,9,2015-09-01,30,61.6,30,0,"complete","Sep","2015",61.6
2015,10,2015-10-01,31,87.2,31,0,"complete","Oct","2015",87.2
2015,11,2015-11-01,30,72.6,30,0,"complete","Nov","2015",72.6
2015,12,2015-12-01,31,302,31,0,"complete","Dec","2015",302
2016,1,2016-01-01,31,127,31,0,"complete","Jan","2016",127
2016,2,2016-02-01,29,186,29,0,"complete","Feb","2016",186
2016,3,2016-03-01,31,6.2,31,0,"complete","Mar","2016",6.2
2016,4,2016-04-01,30,89.8,30,0,"complete","Apr","2016",89.8
2016,5,2016-05-01,31,193.8,31,0,"complete","May","2016",193.8
2016,6,2016-06-01,30,163.2,30,0,"complete","Jun","2016",163.2
2016,7,2016-07-01,31,168.6,31,0,"complete","Jul","2016",168.6
2016,8,2016-08-01,31,139.2,31,0,"complete","Aug","2016",139.2
2016,9,2016-09-01,30,118.9,30,0,"complete","Sep","2016",118.9
2016,10,2016-10-01,31,181,31,0,"complete","Oct","2016",181
2016,11,2016-11-01,30,290.2,30,0,"complete","Nov","2016",290.2
2016,12,2016-12-01,31,292.6,31,0,"complete","Dec","2016",292.6
2017,1,2017-01-01,31,197.8,31,0,"complete","Jan","2017",197.8
2017,2,2017-02-01,28,159.2,28,0,"complete","Feb","2017",159.2
2017,3,2017-03-01,31,136.6,31,0,"complete","Mar","2017",136.6
2017,4,2017-04-01,30,210.4,30,0,"complete","Apr","2017",210.4
2017,5,2017-05-01,31,191.4,31,0,"complete","May","2017",191.4
2017,6,2017-06-01,30,106,30,0,"complete","Jun","2017",106
2017,7,2017-07-01,31,80,31,0,"complete","Jul","2017",80
2017,8,2017-08-01,31,84.2,31,0,"complete","Aug","2017",84.2
2017,9,2017-09-01,30,125.2,30,0,"complete","Sep","2017",125.2
2017,10,2017-10-01,31,121.6,31,0,"complete","Oct","2017",121.6
2017,11,2017-11-01,30,271,30,0,"complete","Nov","2017",271
2017,12,2017-12-01,31,371.2,31,0,"complete","Dec","2017",371.2
2018,1,2018-01-01,31,287,31,0,"complete","Jan","2018",287
2018,2,2018-02-01,28,14.8,28,0,"complete","Feb","2018",14.8
2018,3,2018-03-01,31,44.6,31,0,"complete","Mar","2018",44.6
2018,4,2018-04-01,30,61.2,30,0,"complete","Apr","2018",61.2
2018,5,2018-05-01,31,132.2,31,0,"complete","May","2018",132.2
2018,6,2018-06-01,30,182.6,30,0,"complete","Jun","2018",182.6
2018,7,2018-07-01,31,143.2,31,0,"complete","Jul","2018",143.2
2018,8,2018-08-01,31,121.6,31,0,"complete","Aug","2018",121.6
2018,9,2018-09-01,30,144.4,30,0,"complete","Sep","2018",144.4
2018,10,2018-10-01,31,234.4,31,0,"complete","Oct","2018",234.4
2018,11,2018-11-01,30,169.6,30,0,"complete","Nov","2018",169.6
2018,12,2018-12-01,31,172.6,31,0,"complete","Dec","2018",172.6
2019,1,2019-01-01,31,63.6,31,0,"complete","Jan","2019",63.6
2019,2,2019-02-01,28,31.6,28,0,"complete","Feb","2019",31.6
2019,3,2019-03-01,31,72.2,31,0,"complete","Mar","2019",72.2
2019,4,2019-04-01,30,174.8,30,0,"complete","Apr","2019",174.8
2019,5,2019-05-01,31,69,31,0,"complete","May","2019",69
2019,6,2019-06-01,30,173.8,30,0,"complete","Jun","2019",173.8
2019,7,2019-07-01,31,12.2,31,0,"complete","Jul","2019",12.2
2019,8,2019-08-01,31,11.8,31,0,"complete","Aug","2019",11.8
2019,9,2019-09-01,30,22.8,30,0,"complete","Sep","2019",22.8
2019,10,2019-10-01,31,176.8,31,0,"complete","Oct","2019",176.8
2019,11,2019-11-01,30,137.4,30,0,"complete","Nov","2019",137.4
2019,12,2019-12-01,31,421.5,31,0,"complete","Dec","2019",421.5
2020,1,2020-01-01,31,88.4,31,0,"complete","Jan","2020",88.4
2020,2,2020-02-01,29,65,29,0,"complete","Feb","2020",65
2020,3,2020-03-01,31,108.8,31,0,"complete","Mar","2020",108.8
2020,4,2020-04-01,30,188,30,0,"complete","Apr","2020",188
2020,5,2020-05-01,31,255.6,31,0,"complete","May","2020",255.6
2020,6,2020-06-01,30,233.8,30,0,"complete","Jun","2020",233.8
2020,7,2020-07-01,31,140.8,31,0,"complete","Jul","2020",140.8
2020,8,2020-08-01,31,103.4,31,0,"complete","Aug","2020",103.4
2020,9,2020-09-01,30,150.2,30,0,"complete","Sep","2020",150.2
2020,10,2020-10-01,31,78.8,31,0,"complete","Oct","2020",78.8
2020,11,2020-11-01,30,220.6,30,0,"complete","Nov","2020",220.6
2020,12,2020-12-01,31,253.2,31,0,"complete","Dec","2020",253.2
2021,1,2021-01-01,31,692.8,31,0,"complete","Jan","2021",692.8
2021,2,2021-02-01,28,1,28,0,"complete","Feb","2021",1
2021,3,2021-03-01,31,182.4,31,0,"complete","Mar","2021",182.4
2021,4,2021-04-01,30,290.4,30,0,"complete","Apr","2021",290.4
2021,5,2021-05-01,31,245.8,31,0,"complete","May","2021",245.8
2021,6,2021-06-01,30,93.4,30,0,"complete","Jun","2021",93.4
2021,7,2021-07-01,31,195.8,31,0,"complete","Jul","2021",195.8
2021,8,2021-08-01,31,293.6,31,0,"complete","Aug","2021",293.6
2021,9,2021-09-01,30,205.4,30,0,"complete","Sep","2021",205.4
2021,10,2021-10-01,31,177,31,0,"complete","Oct","2021",177
2021,11,2021-11-01,30,312.4,30,0,"complete","Nov","2021",312.4
2021,12,2021-12-01,31,119.6,31,0,"complete","Dec","2021",119.6
2022,1,2022-01-01,31,99.8,31,0,"complete","Jan","2022",99.8
2022,2,2022-02-01,28,175,28,0,"complete","Feb","2022",175
2022,3,2022-03-01,31,163.2,31,0,"complete","Mar","2022",163.2
2022,4,2022-04-01,30,239.6,30,0,"complete","Apr","2022",239.6
2022,5,2022-05-01,31,102,31,0,"complete","May","2022",102
2022,6,2022-06-01,30,211.8,30,0,"complete","Jun","2022",211.8
2022,7,2022-07-01,31,145.2,31,0,"complete","Jul","2022",145.2
2022,8,2022-08-01,31,141.4,31,0,"complete","Aug","2022",141.4
2022,9,2022-09-01,30,121,30,0,"complete","Sep","2022",121
2022,10,2022-10-01,31,279.6,31,0,"complete","Oct","2022",279.6
2022,11,2022-11-01,30,313.8,30,0,"complete","Nov","2022",313.8
2022,12,2022-12-01,31,215.4,31,0,"complete","Dec","2022",215.4
2023,1,2023-01-01,31,302.6,31,0,"complete","Jan","2023",302.6
2023,2,2023-02-01,28,324.4,28,0,"complete","Feb","2023",324.4
2023,3,2023-03-01,31,243.4,31,0,"complete","Mar","2023",243.4
2023,4,2023-04-01,30,222.8,30,0,"complete","Apr","2023",222.8
2023,5,2023-05-01,31,112.8,31,0,"complete","May","2023",112.8
2023,6,2023-06-01,30,228.4,30,0,"complete","Jun","2023",228.4
2023,7,2023-07-01,31,158,31,0,"complete","Jul","2023",158
2023,8,2023-08-01,31,114,31,0,"complete","Aug","2023",114
2023,9,2023-09-01,30,133,30,0,"complete","Sep","2023",133
2023,10,2023-10-01,31,96.6,31,0,"complete","Oct","2023",96.6
2023,11,2023-11-01,30,219,30,0,"complete","Nov","2023",219
2023,12,2023-12-01,31,256.2,31,0,"complete","Dec","2023",256.2
2024,1,2024-01-01,31,499.6,31,0,"complete","Jan","2024",499.6
2024,2,2024-02-01,29,60.2,29,0,"complete","Feb","2024",60.2
2024,3,2024-03-01,31,161.2,31,0,"complete","Mar","2024",161.2
2024,4,2024-04-01,30,204.8,30,0,"complete","Apr","2024",204.8
2024,5,2024-05-01,31,226.4,31,0,"complete","May","2024",226.4
2024,6,2024-06-01,30,245.4,30,0,"complete","Jun","2024",245.4
2024,7,2024-07-01,31,36.8,31,0,"complete","Jul","2024",36.8
2024,8,2024-08-01,31,85.8,31,0,"complete","Aug","2024",85.8
2024,9,2024-09-01,30,122.4,30,0,"complete","Sep","2024",122.4
2024,10,2024-10-01,31,147.6,31,0,"complete","Oct","2024",147.6
2024,11,2024-11-01,30,407.4,30,0,"complete","Nov","2024",407.4
2024,12,2024-12-01,31,234.4,31,0,"complete","Dec","2024",234.4
2025,1,2025-01-01,31,480.2,31,0,"complete","Jan","2025",480.2
2025,2,2025-02-01,28,73.8,28,0,"complete","Feb","2025",73.8
2025,3,2025-03-01,31,550.1,31,0,"complete","Mar","2025",550.1
2025,4,2025-04-01,30,235.6,30,0,"complete","Apr","2025",235.6
2025,5,2025-05-01,31,218.4,31,0,"complete","May","2025",218.4
2025,6,2025-06-01,30,148.4,30,0,"complete","Jun","2025",148.4
2025,7,2025-07-01,31,130.2,31,0,"complete","Jul","2025",130.2
2025,8,2025-08-01,31,96.6,31,0,"complete","Aug","2025",96.6
2025,9,2025-09-01,30,234.2,30,0,"complete","Sep","2025",234.2
2025,10,2025-10-01,31,90.8,31,0,"complete","Oct","2025",90.8
2025,11,2025-11-01,30,367,30,0,"complete","Nov","2025",367
2025,12,2025-12-01,31,208.2,31,0,"complete","Dec","2025",208.2
2026,1,2026-01-01,31,9.4,31,0,"complete","Jan","2026",9.4
2026,2,2026-02-01,28,202.2,28,0,"complete","Feb","2026",202.2
2026,3,2026-03-01,31,38.2,31,0,"complete","Mar","2026",38.2
2026,4,2026-04-01,30,179.8,30,0,"complete","Apr","2026",179.8
2026,5,2026-05-01,31,185.2,31,0,"complete","May","2026",185.2
2026,6,2026-06-01,30,,,,"unavailable","Jun","2026",
2026,7,2026-07-01,31,,,,"unavailable","Jul","2026",
2026,8,2026-08-01,31,,,,"unavailable","Aug","2026",
2026,9,2026-09-01,30,,,,"unavailable","Sep","2026",
2026,10,2026-10-01,31,,,,"unavailable","Oct","2026",
2026,11,2026-11-01,30,,,,"unavailable","Nov","2026",
2026,12,2026-12-01,31,,,,"unavailable","Dec","2026",
